<?xml version="1.0" encoding="utf-8" ?>
<dwsync>
<file name="xoops_version.php" server="ftp.unseen.org.au//public_html/" local="128498049133593750" remote="128497509000000000" />
<file name="brokenfile.php" server="ftp.unseen.org.au//public_html/" local="128470757829843750" remote="128496958200000000" />
<file name="bugfixlist.txt" server="ftp.unseen.org.au//public_html/" local="128470757830312500" remote="128496958200000000" />
<file name="comment_delete.php" server="ftp.unseen.org.au//public_html/" local="128300542750000000" remote="128496958200000000" />
<file name="comment_edit.php" server="ftp.unseen.org.au//public_html/" local="128300542800000000" remote="128496958200000000" />
<file name="comment_new.php" server="ftp.unseen.org.au//public_html/" local="128470712410937500" remote="128496958200000000" />
<file name="comment_post.php" server="ftp.unseen.org.au//public_html/" local="128300542800000000" remote="128496958200000000" />
<file name="comment_reply.php" server="ftp.unseen.org.au//public_html/" local="128300542800000000" remote="128496958200000000" />
<file name="footer.php" server="ftp.unseen.org.au//public_html/" local="128300542820000000" remote="128496958200000000" />
<file name="header.php" server="ftp.unseen.org.au//public_html/" local="128470712411250000" remote="128496958800000000" />
<file name="index.php" server="ftp.unseen.org.au//public_html/" local="128470757832187500" remote="128496960000000000" />
<file name="newlist.php" server="ftp.unseen.org.au//public_html/" local="128470715082187500" remote="128496960000000000" />
<file name="notification_update.php" server="ftp.unseen.org.au//public_html/" local="128300542850000000" remote="128496960000000000" />
<file name="ratefile.php" server="ftp.unseen.org.au//public_html/" local="128470757833125000" remote="128496960000000000" />
<file name="review.php" server="ftp.unseen.org.au//public_html/" local="128497495462525000" remote="128496960000000000" />
<file name="singlefile.php" server="ftp.unseen.org.au//public_html/" local="128471467657187500" remote="128496960000000000" />
<file name="submit.php" server="ftp.unseen.org.au//public_html/" local="128497495810000000" remote="128496960000000000" />
<file name="topten.php" server="ftp.unseen.org.au//public_html/" local="128488394995156250" remote="128496960600000000" />
<file name="update.php" server="ftp.unseen.org.au//public_html/" local="128470715091093750" remote="128496960600000000" />
<file name="viewcat.php" server="ftp.unseen.org.au//public_html/" local="128497500952195000" remote="128496960600000000" />
<file name="visit.php" server="ftp.unseen.org.au//public_html/" local="128498088517968750" remote="128497548000000000" />
<file name="announce.php" server="ftp.unseen.org.au//public_html/" local="128497497610000000" remote="128496958200000000" />
</dwsync>