<?xml version="1.0"?>
<list>
	    <url1>http://www.katehizis.com/mp3/mp3s/analgin-yako_se_kova.mp3</url1>
        <url1>http://www.katehizis.com/mp3/mp3s/analgin-7_neshta.mp3</url1>
        <url1>http://www.katehizis.com/mp3/mp3s/analgin-canned_but_of_rat.mp3</url1>
        <url1>http://www.katehizis.com/mp3/mp3s/analgin-novakovs_dream.mp3</url1>
        <url1>http://www.katehizis.com/mp3/mp3s/analgin-whad_you_say....mp3</url1>
		<url1>http://www.katehizis.com/mp3/mp3s/analgin-deto_e_teklo_(tresnia).mp3</url1>
		<url1>http://www.katehizis.com/mp3/mp3s/analgin-mandaloto_lopna_(ne_molete_Bog).mp3</url1>
		<url1>http://www.katehizis.com/mp3/mp3s/thai-itmon.mp3</url1>
		<url1>http://www.katehizis.com/mp3/mp3s/epzd-lvsk.mp3</url1>
		<url1>http://www.katehizis.com/mp3/mp3s/kask-zshto.mp3</url1>
		<url1>http://gigov-vitanov.com/stormar/VoiceOfHell-HeadlessRider-01.mp3</url1>
		<url1>http://www.metalfist.com/mp3/Morion-WithoutYou.mp3</url1>
		<url1>http://www.metalfist.com/mp3/Korozy.mp3</url1>
		<url1>http://www.metalfist.com/mp3/necromancer-ncrm-prms.mp3</url1>
		<url1>http://gigov-vitanov.com/stormar/DI-Imtpod.mp3</url1>
		<url1>http://www.metalfist.com/mp3/Frozen-track05.mp3</url1>
		<url1>http://www.metalfist.com/mp3/Hyperborea%20-%2005%20-%20Lamarshan's%20Box.mp3</url1>
		<url1>http://www.metalfist.com/mp3/enthrallment-graveyard.mp3</url1>
		<url1>http://www.metalfist.com/mp3/pantommind-Shade%20Of%20Fate_sample.mp3</url1>
		<url1>http://www.metalfist.com/mp3/pantommind-Why.mp3</url1>
		<url1>http://www.metalfist.com/mp3/Claymore-WarriorsOfClaymore.mp3</url1>
		<url1>http://www.gigov-vitanov.com/stormar/Ilusia%20-%20Voda.mp3</url1>
		<url1>http://www.metalfist.com/mp3/Kln-Strh.mp3</url1>
		<url1>http://www.metalfist.com/mp3/fld-sc.mp3</url1>
		<url1>http://www.metalfist.com/mp3/sfera-sytvorenie.mp3</url1>
</list>