<hack>
  <title>Test hack</title>
  <author>Test Author</author>
  <version>0.1</version>
  <!-- first file this have some parts modified -->
  <file>
    <name>"$CURRENT_FOLDER/test_me.php"</name>
    <operation>
      <search><![CDATA[
clearstatcache();
]]></search>
      <action>"add"</action>
      <data><![CDATA[
// test add after: clearstatcache();
// it's just a test to see ;)
echo "just a test";]]></data>
      <where>"after"</where>
    </operation>
    <operation>
      <search><![CDATA[
session_start();
]]></search>
      <action>"add"</action>
      <data><![CDATA[// test add before: session_start();
// it's just a another test to see ;)
echo "just a test";]]></data>
      <where>"before"</where>
    </operation>
    <operation>
      <search><![CDATA[// this is just a test file ;)]]></search>
      <action>replace</action>
      <data><![CDATA[// this is just a test file ;) (was replaced)]]></data>
    </operation>
  </file>
  <!-- other file, it will be copied from current position to (where) -->
  <file>
    <name>"$CURRENT_FOLDER/test_me2.php"</name>
    <operation>
      <action>"copy"</action>
      <where>"$CURRENT_FOLDER/new"</where>
      <data>"account.php"</data>
    </operation>
  </file>
</hack>