<?xml version="1.0" encoding="utf-8" ?>
<dwsync>
<file name="about.php" server="ftp.unseen.org.au//public_html/" local="128470757852343750" remote="128496957600000000" />
<file name="admin_header.php" server="ftp.unseen.org.au//public_html/" local="128470757853437500" remote="128496957600000000" />
<file name="brokendown.php" server="ftp.unseen.org.au//public_html/" local="128497496191118750" remote="128496957600000000" />
<file name="category.php" server="ftp.unseen.org.au//public_html/" local="128497494082993750" remote="128496957600000000" />
<file name="index.php" server="ftp.unseen.org.au//public_html/" local="128497496587993750" remote="128496957600000000" />
<file name="indexpage.php" server="ftp.unseen.org.au//public_html/" local="128470757883750000" remote="128496957600000000" />
<file name="menu.php" server="ftp.unseen.org.au//public_html/" local="128470711403281250" remote="128496957600000000" />
<file name="mimetypes.php" server="ftp.unseen.org.au//public_html/" local="128470757887031250" remote="128496957600000000" />
<file name="modifications.php" server="ftp.unseen.org.au//public_html/" local="128470757888750000" remote="128496958200000000" />
<file name="myblocksadmin.php" server="ftp.unseen.org.au//public_html/" local="128470757889843750" remote="128496958200000000" />
<file name="myblocksadmin.txt" server="ftp.unseen.org.au//public_html/" local="128300543040000000" remote="128496958200000000" />
<file name="mygroupperm.php" server="ftp.unseen.org.au//public_html/" local="128300543060000000" remote="128496958200000000" />
<file name="mygrouppermform.php" server="ftp.unseen.org.au//public_html/" local="128300543070000000" remote="128496958200000000" />
<file name="newdownloads.php" server="ftp.unseen.org.au//public_html/" local="128497496725493750" remote="128496958200000000" />
<file name="newstory.php" server="ftp.unseen.org.au//public_html/" local="128470712434687500" remote="128496958200000000" />
<file name="permissions.php" server="ftp.unseen.org.au//public_html/" local="128470757893281250" remote="128496958200000000" />
<file name="upload.php" server="ftp.unseen.org.au//public_html/" local="128470757895156250" remote="128496958200000000" />
<file name="userbans.php" server="ftp.unseen.org.au//public_html/" local="128470757895781250" remote="128496958200000000" />
<file name="votedata.php" server="ftp.unseen.org.au//public_html/" local="128497496977056250" remote="128496958200000000" />
<file name="adduser.php" server="ftp.unseen.org.au//public_html/" local="127776079740000000" remote="128496957600000000" />
</dwsync>