<?xml version="1.0"?>
<BitCometTracker Author="RnySmile" Version="0.1">
	<Settings>
		<Language>
		</Language>
		<DbConnection>
		</DbConnection>
		<StatisticsPath>/stats</StatisticsPath>
		<ScrapePath>/scrape</ScrapePath>
		<LogPath>
		</LogPath>
		<ServerListenPortTCP>8080</ServerListenPortTCP>
		<ServerListenPortUDP>8080</ServerListenPortUDP>
		<EnableServer>1</EnableServer>
		<EnableUDPAlias>1</EnableUDPAlias>
		<StatisticsPort>8888</StatisticsPort>
		<OptimizedForPeerNum>5000</OptimizedForPeerNum>
		<TotalUpload>0</TotalUpload>
		<TotalDownload>0</TotalDownload>
		<LastExitTime>0</LastExitTime>
	</Settings>
</BitCometTracker>
