<?xml version="1.0" encoding="utf-8" ?>
<dwsync>
<file name="bencode.reader.php" server="ftp.unseen.org.au//public_html/" local="128470822260625000" remote="128496959400000000" />
<file name="comment_functions.php" server="ftp.unseen.org.au//public_html/" local="128470712437500000" remote="128496959400000000" />
<file name="downloadinfo.php" server="ftp.unseen.org.au//public_html/" local="128471467427343750" remote="128496959400000000" />
<file name="functions.php" server="ftp.unseen.org.au//public_html/" local="128470757906875000" remote="128496959400000000" />
<file name="index.html" server="ftp.unseen.org.au//public_html/" local="128300543570000000" remote="128496959400000000" />
<file name="notification.inc.php" server="ftp.unseen.org.au//public_html/" local="128470712439843750" remote="128496959400000000" />
<file name="pollall.php" server="ftp.unseen.org.au//public_html/" local="128491040386878750" remote="128496959400000000" />
<file name="search.inc.php" server="ftp.unseen.org.au//public_html/" local="128470715156718750" remote="128496959400000000" />
<file name="torrent.php" server="ftp.unseen.org.au//public_html/" local="128470718615468750" remote="128496959400000000" />
<file name="tracker.php" server="ftp.unseen.org.au//public_html/" local="128470718619062500" remote="128496959400000000" />
<file name="bittorrent.php" server="ftp.unseen.org.au//public_html/" local="128488022429218750" remote="128496959400000000" />
<file name="benc.php" server="ftp.unseen.org.au//public_html/" local="128488489594218750" remote="128496959400000000" />
<file name="cleanup.php" server="ftp.unseen.org.au//public_html/" local="127776077940000000" remote="128496959400000000" />
<file name="global.php" server="ftp.unseen.org.au//public_html/" local="128487993075312500" remote="128496959400000000" />
<file name="secrets.php" server="ftp.unseen.org.au//public_html/" local="127778385100000000" remote="127777428000000000" />
</dwsync>