<?xml version="1.0" encoding="utf-8" ?>
<dwsync>
<file name="xtorrent_slogo.png" server="ftp.unseen.org.au//public_html/" local="128470732425742192" remote="128496959400000000" />
<file name="brokenimg.png" server="ftp.unseen.org.au//public_html/" local="128300543170000000" remote="128496958800000000" />
<file name="down.gif" server="ftp.unseen.org.au//public_html/" local="128300543180000000" remote="128496958800000000" />
<file name="index.html" server="ftp.unseen.org.au//public_html/" local="128300543200000000" remote="128496959400000000" />
<file name="logo-en.gif" server="ftp.unseen.org.au//public_html/" local="128300543200000000" remote="128496959400000000" />
<file name="logo.png" server="ftp.unseen.org.au//public_html/" local="128300543200000000" remote="128496959400000000" />
<file name="size2.gif" server="ftp.unseen.org.au//public_html/" local="128300543210000000" remote="128496959400000000" />
<file name="up.gif" server="ftp.unseen.org.au//public_html/" local="128300543220000000" remote="128496959400000000" />
</dwsync>