<?xml version="1.0" encoding="utf-8" ?>
<dwsync>
<file name="approve.gif" server="ftp.unseen.org.au//public_html/" local="128300543300000000" remote="128496958800000000" />
<file name="arrow.gif" server="ftp.unseen.org.au//public_html/" local="128300543310000000" remote="128496958800000000" />
<file name="delete.gif" server="ftp.unseen.org.au//public_html/" local="128300543310000000" remote="128496958800000000" />
<file name="down.gif" server="ftp.unseen.org.au//public_html/" local="128300543330000000" remote="128496958800000000" />
<file name="download.gif" server="ftp.unseen.org.au//public_html/" local="128300543360000000" remote="128496958800000000" />
<file name="download1.gif" server="ftp.unseen.org.au//public_html/" local="128300543330000000" remote="128496958800000000" />
<file name="download3.gif" server="ftp.unseen.org.au//public_html/" local="128300543340000000" remote="128496958800000000" />
<file name="download4.gif" server="ftp.unseen.org.au//public_html/" local="128300543350000000" remote="128496958800000000" />
<file name="downloads.gif" server="ftp.unseen.org.au//public_html/" local="128300543380000000" remote="128496958800000000" />
<file name="downloads02.gif" server="ftp.unseen.org.au//public_html/" local="128300543360000000" remote="128496958800000000" />
<file name="downloads03.gif" server="ftp.unseen.org.au//public_html/" local="128300543360000000" remote="128496958800000000" />
<file name="edit.gif" server="ftp.unseen.org.au//public_html/" local="128300543380000000" remote="128496958800000000" />
<file name="forum.gif" server="ftp.unseen.org.au//public_html/" local="128300543380000000" remote="128496958800000000" />
<file name="ignore.gif" server="ftp.unseen.org.au//public_html/" local="128300543390000000" remote="128496958800000000" />
<file name="index.html" server="ftp.unseen.org.au//public_html/" local="128300543400000000" remote="128496958800000000" />
<file name="newred.gif" server="ftp.unseen.org.au//public_html/" local="128300543410000000" remote="128496958800000000" />
<file name="off.gif" server="ftp.unseen.org.au//public_html/" local="128300543410000000" remote="128496958800000000" />
<file name="on.gif" server="ftp.unseen.org.au//public_html/" local="128300543410000000" remote="128496958800000000" />
<file name="pop.gif" server="ftp.unseen.org.au//public_html/" local="128300543420000000" remote="128496958800000000" />
<file name="rate0.gif" server="ftp.unseen.org.au//public_html/" local="128300543430000000" remote="128496958800000000" />
<file name="rate1.gif" server="ftp.unseen.org.au//public_html/" local="128300543430000000" remote="128496958800000000" />
<file name="rate2.gif" server="ftp.unseen.org.au//public_html/" local="128300543430000000" remote="128496958800000000" />
<file name="rate3.gif" server="ftp.unseen.org.au//public_html/" local="128300543450000000" remote="128496958800000000" />
<file name="rate4.gif" server="ftp.unseen.org.au//public_html/" local="128300543450000000" remote="128496958800000000" />
<file name="rate5.gif" server="ftp.unseen.org.au//public_html/" local="128300543460000000" remote="128496958800000000" />
<file name="reviews.gif" server="ftp.unseen.org.au//public_html/" local="128300543460000000" remote="128496958800000000" />
<file name="update.gif" server="ftp.unseen.org.au//public_html/" local="128300543480000000" remote="128496959400000000" />
<file name="download2.gif" server="ftp.unseen.org.au//public_html/" local="128300543340000000" remote="128496958800000000" />
</dwsync>